ApiController.java,edu.ucsb.cs156.example.controllers.ApiController,org.pitest.mutationtest.engine.gregor.mutators.returns.NullReturnValsMutator,genericMessage,38,KILLED,edu.ucsb.cs156.example.controllers.ApiControllerTests.[engine:junit-jupiter]/[class:edu.ucsb.cs156.example.controllers.ApiControllerTests]/[method:generic_message_test()]
ApiController.java,edu.ucsb.cs156.example.controllers.ApiController,org.pitest.mutationtest.engine.gregor.mutators.returns.NullReturnValsMutator,getCurrentUser,29,KILLED,edu.ucsb.cs156.example.controllers.UserInfoControllerTests.[engine:junit-jupiter]/[class:edu.ucsb.cs156.example.controllers.UserInfoControllerTests]/[method:currentUser__logged_in()]
ApiController.java,edu.ucsb.cs156.example.controllers.ApiController,org.pitest.mutationtest.engine.gregor.mutators.returns.NullReturnValsMutator,handleGenericException,49,KILLED,edu.ucsb.cs156.example.controllers.HelpRequestControllerTests.[engine:junit-jupiter]/[class:edu.ucsb.cs156.example.controllers.HelpRequestControllerTests]/[method:test_that_logged_in_user_can_get_by_id_when_the_id_does_not_exist()]
ArticlesController.java,edu.ucsb.cs156.example.controllers.ArticlesController,org.pitest.mutationtest.engine.gregor.mutators.returns.EmptyObjectReturnValsMutator,allArticles,55,KILLED,edu.ucsb.cs156.example.controllers.ArticlesControllerTests.[engine:junit-jupiter]/[class:edu.ucsb.cs156.example.controllers.ArticlesControllerTests]/[method:logged_in_user_can_get_all_articles()]
ArticlesController.java,edu.ucsb.cs156.example.controllers.ArticlesController,org.pitest.mutationtest.engine.gregor.mutators.VoidMethodCallMutator,deleteArticle,163,KILLED,edu.ucsb.cs156.example.controllers.ArticlesControllerTests.[engine:junit-jupiter]/[class:edu.ucsb.cs156.example.controllers.ArticlesControllerTests]/[method:admin_can_delete_a_article()]
ArticlesController.java,edu.ucsb.cs156.example.controllers.ArticlesController,org.pitest.mutationtest.engine.gregor.mutators.returns.NullReturnValsMutator,deleteArticle,164,KILLED,edu.ucsb.cs156.example.controllers.ArticlesControllerTests.[engine:junit-jupiter]/[class:edu.ucsb.cs156.example.controllers.ArticlesControllerTests]/[method:admin_can_delete_a_article()]
ArticlesController.java,edu.ucsb.cs156.example.controllers.ArticlesController,org.pitest.mutationtest.engine.gregor.mutators.returns.NullReturnValsMutator,getById,112,KILLED,edu.ucsb.cs156.example.controllers.ArticlesControllerTests.[engine:junit-jupiter]/[class:edu.ucsb.cs156.example.controllers.ArticlesControllerTests]/[method:test_that_logged_in_user_can_get_by_id_when_the_id_does_exist()]
ArticlesController.java,edu.ucsb.cs156.example.controllers.ArticlesController,org.pitest.mutationtest.engine.gregor.mutators.returns.NullReturnValsMutator,lambda$deleteArticle$2,161,KILLED,edu.ucsb.cs156.example.controllers.ArticlesControllerTests.[engine:junit-jupiter]/[class:edu.ucsb.cs156.example.controllers.ArticlesControllerTests]/[method:admin_tries_to_delete_non_existant_article_and_gets_right_error_message()]
ArticlesController.java,edu.ucsb.cs156.example.controllers.ArticlesController,org.pitest.mutationtest.engine.gregor.mutators.returns.NullReturnValsMutator,lambda$getById$0,110,KILLED,edu.ucsb.cs156.example.controllers.ArticlesControllerTests.[engine:junit-jupiter]/[class:edu.ucsb.cs156.example.controllers.ArticlesControllerTests]/[method:test_that_logged_in_user_can_get_by_id_when_the_id_does_not_exist()]
ArticlesController.java,edu.ucsb.cs156.example.controllers.ArticlesController,org.pitest.mutationtest.engine.gregor.mutators.returns.NullReturnValsMutator,lambda$updateArticle$1,132,KILLED,edu.ucsb.cs156.example.controllers.ArticlesControllerTests.[engine:junit-jupiter]/[class:edu.ucsb.cs156.example.controllers.ArticlesControllerTests]/[method:admin_cannot_edit_article_that_does_not_exist()]
ArticlesController.java,edu.ucsb.cs156.example.controllers.ArticlesController,org.pitest.mutationtest.engine.gregor.mutators.VoidMethodCallMutator,postArticle,86,KILLED,edu.ucsb.cs156.example.controllers.ArticlesControllerTests.[engine:junit-jupiter]/[class:edu.ucsb.cs156.example.controllers.ArticlesControllerTests]/[method:an_admin_user_can_post_a_new_article()]
ArticlesController.java,edu.ucsb.cs156.example.controllers.ArticlesController,org.pitest.mutationtest.engine.gregor.mutators.VoidMethodCallMutator,postArticle,87,KILLED,edu.ucsb.cs156.example.controllers.ArticlesControllerTests.[engine:junit-jupiter]/[class:edu.ucsb.cs156.example.controllers.ArticlesControllerTests]/[method:an_admin_user_can_post_a_new_article()]
ArticlesController.java,edu.ucsb.cs156.example.controllers.ArticlesController,org.pitest.mutationtest.engine.gregor.mutators.VoidMethodCallMutator,postArticle,88,KILLED,edu.ucsb.cs156.example.controllers.ArticlesControllerTests.[engine:junit-jupiter]/[class:edu.ucsb.cs156.example.controllers.ArticlesControllerTests]/[method:an_admin_user_can_post_a_new_article()]
ArticlesController.java,edu.ucsb.cs156.example.controllers.ArticlesController,org.pitest.mutationtest.engine.gregor.mutators.VoidMethodCallMutator,postArticle,89,KILLED,edu.ucsb.cs156.example.controllers.ArticlesControllerTests.[engine:junit-jupiter]/[class:edu.ucsb.cs156.example.controllers.ArticlesControllerTests]/[method:an_admin_user_can_post_a_new_article()]
ArticlesController.java,edu.ucsb.cs156.example.controllers.ArticlesController,org.pitest.mutationtest.engine.gregor.mutators.VoidMethodCallMutator,postArticle,90,KILLED,edu.ucsb.cs156.example.controllers.ArticlesControllerTests.[engine:junit-jupiter]/[class:edu.ucsb.cs156.example.controllers.ArticlesControllerTests]/[method:an_admin_user_can_post_a_new_article()]
ArticlesController.java,edu.ucsb.cs156.example.controllers.ArticlesController,org.pitest.mutationtest.engine.gregor.mutators.returns.NullReturnValsMutator,postArticle,94,KILLED,edu.ucsb.cs156.example.controllers.ArticlesControllerTests.[engine:junit-jupiter]/[class:edu.ucsb.cs156.example.controllers.ArticlesControllerTests]/[method:an_admin_user_can_post_a_new_article()]
ArticlesController.java,edu.ucsb.cs156.example.controllers.ArticlesController,org.pitest.mutationtest.engine.gregor.mutators.VoidMethodCallMutator,updateArticle,134,KILLED,edu.ucsb.cs156.example.controllers.ArticlesControllerTests.[engine:junit-jupiter]/[class:edu.ucsb.cs156.example.controllers.ArticlesControllerTests]/[method:admin_can_edit_an_existing_article()]
ArticlesController.java,edu.ucsb.cs156.example.controllers.ArticlesController,org.pitest.mutationtest.engine.gregor.mutators.VoidMethodCallMutator,updateArticle,135,KILLED,edu.ucsb.cs156.example.controllers.ArticlesControllerTests.[engine:junit-jupiter]/[class:edu.ucsb.cs156.example.controllers.ArticlesControllerTests]/[method:admin_can_edit_an_existing_article()]
ArticlesController.java,edu.ucsb.cs156.example.controllers.ArticlesController,org.pitest.mutationtest.engine.gregor.mutators.VoidMethodCallMutator,updateArticle,136,KILLED,edu.ucsb.cs156.example.controllers.ArticlesControllerTests.[engine:junit-jupiter]/[class:edu.ucsb.cs156.example.controllers.ArticlesControllerTests]/[method:admin_can_edit_an_existing_article()]
ArticlesController.java,edu.ucsb.cs156.example.controllers.ArticlesController,org.pitest.mutationtest.engine.gregor.mutators.VoidMethodCallMutator,updateArticle,137,KILLED,edu.ucsb.cs156.example.controllers.ArticlesControllerTests.[engine:junit-jupiter]/[class:edu.ucsb.cs156.example.controllers.ArticlesControllerTests]/[method:admin_can_edit_an_existing_article()]
ArticlesController.java,edu.ucsb.cs156.example.controllers.ArticlesController,org.pitest.mutationtest.engine.gregor.mutators.VoidMethodCallMutator,updateArticle,138,KILLED,edu.ucsb.cs156.example.controllers.ArticlesControllerTests.[engine:junit-jupiter]/[class:edu.ucsb.cs156.example.controllers.ArticlesControllerTests]/[method:admin_can_edit_an_existing_article()]
ArticlesController.java,edu.ucsb.cs156.example.controllers.ArticlesController,org.pitest.mutationtest.engine.gregor.mutators.returns.NullReturnValsMutator,updateArticle,142,KILLED,edu.ucsb.cs156.example.controllers.ArticlesControllerTests.[engine:junit-jupiter]/[class:edu.ucsb.cs156.example.controllers.ArticlesControllerTests]/[method:admin_can_edit_an_existing_article()]
CSRFController.java,edu.ucsb.cs156.example.controllers.CSRFController,org.pitest.mutationtest.engine.gregor.mutators.returns.NullReturnValsMutator,csrf,33,KILLED,edu.ucsb.cs156.example.controllers.CSRFControllerTests.[engine:junit-jupiter]/[class:edu.ucsb.cs156.example.controllers.CSRFControllerTests]/[method:csrf_returns_ok()]
HelpRequestController.java,edu.ucsb.cs156.example.controllers.HelpRequestController,org.pitest.mutationtest.engine.gregor.mutators.returns.EmptyObjectReturnValsMutator,allHelpRequest,57,KILLED,edu.ucsb.cs156.example.controllers.HelpRequestControllerTests.[engine:junit-jupiter]/[class:edu.ucsb.cs156.example.controllers.HelpRequestControllerTests]/[method:logged_in_user_can_get_all_helprequests()]
HelpRequestController.java,edu.ucsb.cs156.example.controllers.HelpRequestController,org.pitest.mutationtest.engine.gregor.mutators.VoidMethodCallMutator,deleteHelpRequest,170,KILLED,edu.ucsb.cs156.example.controllers.HelpRequestControllerTests.[engine:junit-jupiter]/[class:edu.ucsb.cs156.example.controllers.HelpRequestControllerTests]/[method:admin_can_delete_a_helprequest()]
HelpRequestController.java,edu.ucsb.cs156.example.controllers.HelpRequestController,org.pitest.mutationtest.engine.gregor.mutators.returns.NullReturnValsMutator,deleteHelpRequest,171,KILLED,edu.ucsb.cs156.example.controllers.HelpRequestControllerTests.[engine:junit-jupiter]/[class:edu.ucsb.cs156.example.controllers.HelpRequestControllerTests]/[method:admin_can_delete_a_helprequest()]
HelpRequestController.java,edu.ucsb.cs156.example.controllers.HelpRequestController,org.pitest.mutationtest.engine.gregor.mutators.returns.NullReturnValsMutator,getById,119,KILLED,edu.ucsb.cs156.example.controllers.HelpRequestControllerTests.[engine:junit-jupiter]/[class:edu.ucsb.cs156.example.controllers.HelpRequestControllerTests]/[method:test_that_logged_in_user_can_get_by_id_when_the_id_exists()]
HelpRequestController.java,edu.ucsb.cs156.example.controllers.HelpRequestController,org.pitest.mutationtest.engine.gregor.mutators.returns.NullReturnValsMutator,lambda$deleteHelpRequest$2,168,KILLED,edu.ucsb.cs156.example.controllers.HelpRequestControllerTests.[engine:junit-jupiter]/[class:edu.ucsb.cs156.example.controllers.HelpRequestControllerTests]/[method:admin_tries_to_delete_non_existant_helprequest_and_gets_right_error_message()]
HelpRequestController.java,edu.ucsb.cs156.example.controllers.HelpRequestController,org.pitest.mutationtest.engine.gregor.mutators.returns.NullReturnValsMutator,lambda$getById$0,117,KILLED,edu.ucsb.cs156.example.controllers.HelpRequestControllerTests.[engine:junit-jupiter]/[class:edu.ucsb.cs156.example.controllers.HelpRequestControllerTests]/[method:test_that_logged_in_user_can_get_by_id_when_the_id_does_not_exist()]
HelpRequestController.java,edu.ucsb.cs156.example.controllers.HelpRequestController,org.pitest.mutationtest.engine.gregor.mutators.returns.NullReturnValsMutator,lambda$updateHelpRequest$1,139,KILLED,edu.ucsb.cs156.example.controllers.HelpRequestControllerTests.[engine:junit-jupiter]/[class:edu.ucsb.cs156.example.controllers.HelpRequestControllerTests]/[method:admin_cannot_edit_helprequest_that_does_not_exist()]
HelpRequestController.java,edu.ucsb.cs156.example.controllers.HelpRequestController,org.pitest.mutationtest.engine.gregor.mutators.VoidMethodCallMutator,postHelpRequest,94,KILLED,edu.ucsb.cs156.example.controllers.HelpRequestControllerTests.[engine:junit-jupiter]/[class:edu.ucsb.cs156.example.controllers.HelpRequestControllerTests]/[method:an_admin_user_can_post_a_new_helprequest()]
HelpRequestController.java,edu.ucsb.cs156.example.controllers.HelpRequestController,org.pitest.mutationtest.engine.gregor.mutators.VoidMethodCallMutator,postHelpRequest,95,KILLED,edu.ucsb.cs156.example.controllers.HelpRequestControllerTests.[engine:junit-jupiter]/[class:edu.ucsb.cs156.example.controllers.HelpRequestControllerTests]/[method:an_admin_user_can_post_a_new_helprequest()]
HelpRequestController.java,edu.ucsb.cs156.example.controllers.HelpRequestController,org.pitest.mutationtest.engine.gregor.mutators.VoidMethodCallMutator,postHelpRequest,96,KILLED,edu.ucsb.cs156.example.controllers.HelpRequestControllerTests.[engine:junit-jupiter]/[class:edu.ucsb.cs156.example.controllers.HelpRequestControllerTests]/[method:an_admin_user_can_post_a_new_helprequest()]
HelpRequestController.java,edu.ucsb.cs156.example.controllers.HelpRequestController,org.pitest.mutationtest.engine.gregor.mutators.VoidMethodCallMutator,postHelpRequest,97,KILLED,edu.ucsb.cs156.example.controllers.HelpRequestControllerTests.[engine:junit-jupiter]/[class:edu.ucsb.cs156.example.controllers.HelpRequestControllerTests]/[method:an_admin_user_can_post_a_new_helprequest()]
HelpRequestController.java,edu.ucsb.cs156.example.controllers.HelpRequestController,org.pitest.mutationtest.engine.gregor.mutators.VoidMethodCallMutator,postHelpRequest,98,KILLED,edu.ucsb.cs156.example.controllers.HelpRequestControllerTests.[engine:junit-jupiter]/[class:edu.ucsb.cs156.example.controllers.HelpRequestControllerTests]/[method:an_admin_user_can_post_a_new_helprequest()]
HelpRequestController.java,edu.ucsb.cs156.example.controllers.HelpRequestController,org.pitest.mutationtest.engine.gregor.mutators.VoidMethodCallMutator,postHelpRequest,99,KILLED,edu.ucsb.cs156.example.controllers.HelpRequestControllerTests.[engine:junit-jupiter]/[class:edu.ucsb.cs156.example.controllers.HelpRequestControllerTests]/[method:an_admin_user_can_post_a_new_helprequest()]
HelpRequestController.java,edu.ucsb.cs156.example.controllers.HelpRequestController,org.pitest.mutationtest.engine.gregor.mutators.returns.NullReturnValsMutator,postHelpRequest,103,KILLED,edu.ucsb.cs156.example.controllers.HelpRequestControllerTests.[engine:junit-jupiter]/[class:edu.ucsb.cs156.example.controllers.HelpRequestControllerTests]/[method:an_admin_user_can_post_a_new_helprequest()]
HelpRequestController.java,edu.ucsb.cs156.example.controllers.HelpRequestController,org.pitest.mutationtest.engine.gregor.mutators.VoidMethodCallMutator,updateHelpRequest,141,KILLED,edu.ucsb.cs156.example.controllers.HelpRequestControllerTests.[engine:junit-jupiter]/[class:edu.ucsb.cs156.example.controllers.HelpRequestControllerTests]/[method:admin_can_edit_an_existing_helprequest()]
HelpRequestController.java,edu.ucsb.cs156.example.controllers.HelpRequestController,org.pitest.mutationtest.engine.gregor.mutators.VoidMethodCallMutator,updateHelpRequest,142,KILLED,edu.ucsb.cs156.example.controllers.HelpRequestControllerTests.[engine:junit-jupiter]/[class:edu.ucsb.cs156.example.controllers.HelpRequestControllerTests]/[method:admin_can_edit_an_existing_helprequest()]
HelpRequestController.java,edu.ucsb.cs156.example.controllers.HelpRequestController,org.pitest.mutationtest.engine.gregor.mutators.VoidMethodCallMutator,updateHelpRequest,143,KILLED,edu.ucsb.cs156.example.controllers.HelpRequestControllerTests.[engine:junit-jupiter]/[class:edu.ucsb.cs156.example.controllers.HelpRequestControllerTests]/[method:admin_can_edit_an_existing_helprequest()]
HelpRequestController.java,edu.ucsb.cs156.example.controllers.HelpRequestController,org.pitest.mutationtest.engine.gregor.mutators.VoidMethodCallMutator,updateHelpRequest,144,KILLED,edu.ucsb.cs156.example.controllers.HelpRequestControllerTests.[engine:junit-jupiter]/[class:edu.ucsb.cs156.example.controllers.HelpRequestControllerTests]/[method:admin_can_edit_an_existing_helprequest()]
HelpRequestController.java,edu.ucsb.cs156.example.controllers.HelpRequestController,org.pitest.mutationtest.engine.gregor.mutators.VoidMethodCallMutator,updateHelpRequest,145,KILLED,edu.ucsb.cs156.example.controllers.HelpRequestControllerTests.[engine:junit-jupiter]/[class:edu.ucsb.cs156.example.controllers.HelpRequestControllerTests]/[method:admin_can_edit_an_existing_helprequest()]
HelpRequestController.java,edu.ucsb.cs156.example.controllers.HelpRequestController,org.pitest.mutationtest.engine.gregor.mutators.VoidMethodCallMutator,updateHelpRequest,146,KILLED,edu.ucsb.cs156.example.controllers.HelpRequestControllerTests.[engine:junit-jupiter]/[class:edu.ucsb.cs156.example.controllers.HelpRequestControllerTests]/[method:admin_can_edit_an_existing_helprequest()]
HelpRequestController.java,edu.ucsb.cs156.example.controllers.HelpRequestController,org.pitest.mutationtest.engine.gregor.mutators.returns.NullReturnValsMutator,updateHelpRequest,150,KILLED,edu.ucsb.cs156.example.controllers.HelpRequestControllerTests.[engine:junit-jupiter]/[class:edu.ucsb.cs156.example.controllers.HelpRequestControllerTests]/[method:admin_can_edit_an_existing_helprequest()]
JobsController.java,edu.ucsb.cs156.example.controllers.JobsController,org.pitest.mutationtest.engine.gregor.mutators.returns.EmptyObjectReturnValsMutator,allJobs,41,KILLED,edu.ucsb.cs156.example.controllers.JobsControllerTests.[engine:junit-jupiter]/[class:edu.ucsb.cs156.example.controllers.JobsControllerTests]/[method:admin_can_get_all_jobs()]
JobsController.java,edu.ucsb.cs156.example.controllers.JobsController,org.pitest.mutationtest.engine.gregor.mutators.VoidMethodCallMutator,deleteAllJobs,48,KILLED,edu.ucsb.cs156.example.controllers.JobsControllerTests.[engine:junit-jupiter]/[class:edu.ucsb.cs156.example.controllers.JobsControllerTests]/[method:admin_can_delete_all_jobs()]
JobsController.java,edu.ucsb.cs156.example.controllers.JobsController,org.pitest.mutationtest.engine.gregor.mutators.returns.EmptyObjectReturnValsMutator,deleteAllJobs,49,KILLED,edu.ucsb.cs156.example.controllers.JobsControllerTests.[engine:junit-jupiter]/[class:edu.ucsb.cs156.example.controllers.JobsControllerTests]/[method:admin_can_delete_all_jobs()]
JobsController.java,edu.ucsb.cs156.example.controllers.JobsController,org.pitest.mutationtest.engine.gregor.mutators.NegateConditionalsMutator,deleteAllJobs,69,KILLED,edu.ucsb.cs156.example.controllers.JobsControllerTests.[engine:junit-jupiter]/[class:edu.ucsb.cs156.example.controllers.JobsControllerTests]/[method:admin_can_delete_specific_job()]
JobsController.java,edu.ucsb.cs156.example.controllers.JobsController,org.pitest.mutationtest.engine.gregor.mutators.VoidMethodCallMutator,deleteAllJobs,72,KILLED,edu.ucsb.cs156.example.controllers.JobsControllerTests.[engine:junit-jupiter]/[class:edu.ucsb.cs156.example.controllers.JobsControllerTests]/[method:admin_can_delete_specific_job()]
JobsController.java,edu.ucsb.cs156.example.controllers.JobsController,org.pitest.mutationtest.engine.gregor.mutators.returns.EmptyObjectReturnValsMutator,deleteAllJobs,70,KILLED,edu.ucsb.cs156.example.controllers.JobsControllerTests.[engine:junit-jupiter]/[class:edu.ucsb.cs156.example.controllers.JobsControllerTests]/[method:admin_gets_reasonable_error_when_deleting_non_existing_job()]
JobsController.java,edu.ucsb.cs156.example.controllers.JobsController,org.pitest.mutationtest.engine.gregor.mutators.returns.EmptyObjectReturnValsMutator,deleteAllJobs,73,KILLED,edu.ucsb.cs156.example.controllers.JobsControllerTests.[engine:junit-jupiter]/[class:edu.ucsb.cs156.example.controllers.JobsControllerTests]/[method:admin_can_delete_specific_job()]
JobsController.java,edu.ucsb.cs156.example.controllers.JobsController,org.pitest.mutationtest.engine.gregor.mutators.returns.NullReturnValsMutator,getJobLogById,62,KILLED,edu.ucsb.cs156.example.controllers.JobsControllerTests.[engine:junit-jupiter]/[class:edu.ucsb.cs156.example.controllers.JobsControllerTests]/[method:api_getJobLogById__admin_logged_in__returns_job_by_id()]
JobsController.java,edu.ucsb.cs156.example.controllers.JobsController,org.pitest.mutationtest.engine.gregor.mutators.returns.EmptyObjectReturnValsMutator,getJobLogs,93,KILLED,edu.ucsb.cs156.example.controllers.JobsControllerTests.[engine:junit-jupiter]/[class:edu.ucsb.cs156.example.controllers.JobsControllerTests]/[method:test_getJobLogs_admin_can_get_job_log()]
JobsController.java,edu.ucsb.cs156.example.controllers.JobsController,org.pitest.mutationtest.engine.gregor.mutators.returns.NullReturnValsMutator,lambda$getJobLogById$0,60,KILLED,edu.ucsb.cs156.example.controllers.JobsControllerTests.[engine:junit-jupiter]/[class:edu.ucsb.cs156.example.controllers.JobsControllerTests]/[method:api_getJobLogById__admin_logged_in__returns_not_found_for_missing_job()]
JobsController.java,edu.ucsb.cs156.example.controllers.JobsController,org.pitest.mutationtest.engine.gregor.mutators.returns.NullReturnValsMutator,launchTestJob,84,KILLED,edu.ucsb.cs156.example.controllers.JobsControllerTests.[engine:junit-jupiter]/[class:edu.ucsb.cs156.example.controllers.JobsControllerTests]/[method:admin_can_launch_test_job()]
MenuItemReviewController.java,edu.ucsb.cs156.example.controllers.MenuItemReviewController,org.pitest.mutationtest.engine.gregor.mutators.returns.EmptyObjectReturnValsMutator,allMenuItemReviews,53,KILLED,edu.ucsb.cs156.example.controllers.MenuItemReviewControllerTests.[engine:junit-jupiter]/[class:edu.ucsb.cs156.example.controllers.MenuItemReviewControllerTests]/[method:logged_in_user_can_get_all_menuitemreviews()]
MenuItemReviewController.java,edu.ucsb.cs156.example.controllers.MenuItemReviewController,org.pitest.mutationtest.engine.gregor.mutators.VoidMethodCallMutator,deleteMenuItemReview,153,KILLED,edu.ucsb.cs156.example.controllers.MenuItemReviewControllerTests.[engine:junit-jupiter]/[class:edu.ucsb.cs156.example.controllers.MenuItemReviewControllerTests]/[method:admin_can_delete_a_review()]
MenuItemReviewController.java,edu.ucsb.cs156.example.controllers.MenuItemReviewController,org.pitest.mutationtest.engine.gregor.mutators.returns.NullReturnValsMutator,deleteMenuItemReview,154,KILLED,edu.ucsb.cs156.example.controllers.MenuItemReviewControllerTests.[engine:junit-jupiter]/[class:edu.ucsb.cs156.example.controllers.MenuItemReviewControllerTests]/[method:admin_can_delete_a_review()]
MenuItemReviewController.java,edu.ucsb.cs156.example.controllers.MenuItemReviewController,org.pitest.mutationtest.engine.gregor.mutators.returns.NullReturnValsMutator,getById,70,KILLED,edu.ucsb.cs156.example.controllers.MenuItemReviewControllerTests.[engine:junit-jupiter]/[class:edu.ucsb.cs156.example.controllers.MenuItemReviewControllerTests]/[method:test_that_logged_in_user_can_get_by_id_when_the_id_exists()]
MenuItemReviewController.java,edu.ucsb.cs156.example.controllers.MenuItemReviewController,org.pitest.mutationtest.engine.gregor.mutators.returns.NullReturnValsMutator,lambda$deleteMenuItemReview$2,151,KILLED,edu.ucsb.cs156.example.controllers.MenuItemReviewControllerTests.[engine:junit-jupiter]/[class:edu.ucsb.cs156.example.controllers.MenuItemReviewControllerTests]/[method:admin_tries_to_delete_non_existant_ucsbdate_and_gets_right_error_message()]
MenuItemReviewController.java,edu.ucsb.cs156.example.controllers.MenuItemReviewController,org.pitest.mutationtest.engine.gregor.mutators.returns.NullReturnValsMutator,lambda$getById$0,68,KILLED,edu.ucsb.cs156.example.controllers.MenuItemReviewControllerTests.[engine:junit-jupiter]/[class:edu.ucsb.cs156.example.controllers.MenuItemReviewControllerTests]/[method:test_that_logged_in_user_can_get_by_id_when_the_id_does_not_exist()]
MenuItemReviewController.java,edu.ucsb.cs156.example.controllers.MenuItemReviewController,org.pitest.mutationtest.engine.gregor.mutators.returns.NullReturnValsMutator,lambda$updateMenuItemReview$1,126,KILLED,edu.ucsb.cs156.example.controllers.MenuItemReviewControllerTests.[engine:junit-jupiter]/[class:edu.ucsb.cs156.example.controllers.MenuItemReviewControllerTests]/[method:admin_cannot_edit_review_that_does_not_exist()]
MenuItemReviewController.java,edu.ucsb.cs156.example.controllers.MenuItemReviewController,org.pitest.mutationtest.engine.gregor.mutators.VoidMethodCallMutator,postMenuItemReview,100,KILLED,edu.ucsb.cs156.example.controllers.MenuItemReviewControllerTests.[engine:junit-jupiter]/[class:edu.ucsb.cs156.example.controllers.MenuItemReviewControllerTests]/[method:an_admin_user_can_post_a_new_menuitemreview()]
MenuItemReviewController.java,edu.ucsb.cs156.example.controllers.MenuItemReviewController,org.pitest.mutationtest.engine.gregor.mutators.VoidMethodCallMutator,postMenuItemReview,101,KILLED,edu.ucsb.cs156.example.controllers.MenuItemReviewControllerTests.[engine:junit-jupiter]/[class:edu.ucsb.cs156.example.controllers.MenuItemReviewControllerTests]/[method:an_admin_user_can_post_a_new_menuitemreview()]
MenuItemReviewController.java,edu.ucsb.cs156.example.controllers.MenuItemReviewController,org.pitest.mutationtest.engine.gregor.mutators.VoidMethodCallMutator,postMenuItemReview,102,KILLED,edu.ucsb.cs156.example.controllers.MenuItemReviewControllerTests.[engine:junit-jupiter]/[class:edu.ucsb.cs156.example.controllers.MenuItemReviewControllerTests]/[method:an_admin_user_can_post_a_new_menuitemreview()]
MenuItemReviewController.java,edu.ucsb.cs156.example.controllers.MenuItemReviewController,org.pitest.mutationtest.engine.gregor.mutators.VoidMethodCallMutator,postMenuItemReview,103,KILLED,edu.ucsb.cs156.example.controllers.MenuItemReviewControllerTests.[engine:junit-jupiter]/[class:edu.ucsb.cs156.example.controllers.MenuItemReviewControllerTests]/[method:an_admin_user_can_post_a_new_menuitemreview()]
MenuItemReviewController.java,edu.ucsb.cs156.example.controllers.MenuItemReviewController,org.pitest.mutationtest.engine.gregor.mutators.VoidMethodCallMutator,postMenuItemReview,104,KILLED,edu.ucsb.cs156.example.controllers.MenuItemReviewControllerTests.[engine:junit-jupiter]/[class:edu.ucsb.cs156.example.controllers.MenuItemReviewControllerTests]/[method:an_admin_user_can_post_a_new_menuitemreview()]
MenuItemReviewController.java,edu.ucsb.cs156.example.controllers.MenuItemReviewController,org.pitest.mutationtest.engine.gregor.mutators.returns.NullReturnValsMutator,postMenuItemReview,108,KILLED,edu.ucsb.cs156.example.controllers.MenuItemReviewControllerTests.[engine:junit-jupiter]/[class:edu.ucsb.cs156.example.controllers.MenuItemReviewControllerTests]/[method:an_admin_user_can_post_a_new_menuitemreview()]
MenuItemReviewController.java,edu.ucsb.cs156.example.controllers.MenuItemReviewController,org.pitest.mutationtest.engine.gregor.mutators.VoidMethodCallMutator,updateMenuItemReview,128,KILLED,edu.ucsb.cs156.example.controllers.MenuItemReviewControllerTests.[engine:junit-jupiter]/[class:edu.ucsb.cs156.example.controllers.MenuItemReviewControllerTests]/[method:admin_can_edit_an_existing_review()]
MenuItemReviewController.java,edu.ucsb.cs156.example.controllers.MenuItemReviewController,org.pitest.mutationtest.engine.gregor.mutators.VoidMethodCallMutator,updateMenuItemReview,129,KILLED,edu.ucsb.cs156.example.controllers.MenuItemReviewControllerTests.[engine:junit-jupiter]/[class:edu.ucsb.cs156.example.controllers.MenuItemReviewControllerTests]/[method:admin_can_edit_an_existing_review()]
MenuItemReviewController.java,edu.ucsb.cs156.example.controllers.MenuItemReviewController,org.pitest.mutationtest.engine.gregor.mutators.VoidMethodCallMutator,updateMenuItemReview,130,KILLED,edu.ucsb.cs156.example.controllers.MenuItemReviewControllerTests.[engine:junit-jupiter]/[class:edu.ucsb.cs156.example.controllers.MenuItemReviewControllerTests]/[method:admin_can_edit_an_existing_review()]
MenuItemReviewController.java,edu.ucsb.cs156.example.controllers.MenuItemReviewController,org.pitest.mutationtest.engine.gregor.mutators.VoidMethodCallMutator,updateMenuItemReview,131,KILLED,edu.ucsb.cs156.example.controllers.MenuItemReviewControllerTests.[engine:junit-jupiter]/[class:edu.ucsb.cs156.example.controllers.MenuItemReviewControllerTests]/[method:admin_can_edit_an_existing_review()]
MenuItemReviewController.java,edu.ucsb.cs156.example.controllers.MenuItemReviewController,org.pitest.mutationtest.engine.gregor.mutators.VoidMethodCallMutator,updateMenuItemReview,132,KILLED,edu.ucsb.cs156.example.controllers.MenuItemReviewControllerTests.[engine:junit-jupiter]/[class:edu.ucsb.cs156.example.controllers.MenuItemReviewControllerTests]/[method:admin_can_edit_an_existing_review()]
MenuItemReviewController.java,edu.ucsb.cs156.example.controllers.MenuItemReviewController,org.pitest.mutationtest.engine.gregor.mutators.returns.NullReturnValsMutator,updateMenuItemReview,136,KILLED,edu.ucsb.cs156.example.controllers.MenuItemReviewControllerTests.[engine:junit-jupiter]/[class:edu.ucsb.cs156.example.controllers.MenuItemReviewControllerTests]/[method:admin_can_edit_an_existing_review()]
RecommendationRequestController.java,edu.ucsb.cs156.example.controllers.RecommendationRequestController,org.pitest.mutationtest.engine.gregor.mutators.returns.EmptyObjectReturnValsMutator,allRecommendationRequests,50,KILLED,edu.ucsb.cs156.example.controllers.RecommendationRequestControllerTests.[engine:junit-jupiter]/[class:edu.ucsb.cs156.example.controllers.RecommendationRequestControllerTests]/[method:logged_in_user_can_get_all_recommendation_requests()]
RecommendationRequestController.java,edu.ucsb.cs156.example.controllers.RecommendationRequestController,org.pitest.mutationtest.engine.gregor.mutators.VoidMethodCallMutator,deleteRecommendationRequest,104,KILLED,edu.ucsb.cs156.example.controllers.RecommendationRequestControllerTests.[engine:junit-jupiter]/[class:edu.ucsb.cs156.example.controllers.RecommendationRequestControllerTests]/[method:admin_can_delete_a_recommendation_request()]
RecommendationRequestController.java,edu.ucsb.cs156.example.controllers.RecommendationRequestController,org.pitest.mutationtest.engine.gregor.mutators.returns.NullReturnValsMutator,deleteRecommendationRequest,105,KILLED,edu.ucsb.cs156.example.controllers.RecommendationRequestControllerTests.[engine:junit-jupiter]/[class:edu.ucsb.cs156.example.controllers.RecommendationRequestControllerTests]/[method:admin_can_delete_a_recommendation_request()]
RecommendationRequestController.java,edu.ucsb.cs156.example.controllers.RecommendationRequestController,org.pitest.mutationtest.engine.gregor.mutators.returns.NullReturnValsMutator,getById,92,KILLED,edu.ucsb.cs156.example.controllers.RecommendationRequestControllerTests.[engine:junit-jupiter]/[class:edu.ucsb.cs156.example.controllers.RecommendationRequestControllerTests]/[method:test_that_logged_in_user_can_get_by_id_when_the_id_exists_recreq()]
RecommendationRequestController.java,edu.ucsb.cs156.example.controllers.RecommendationRequestController,org.pitest.mutationtest.engine.gregor.mutators.returns.NullReturnValsMutator,lambda$deleteRecommendationRequest$1,102,KILLED,edu.ucsb.cs156.example.controllers.RecommendationRequestControllerTests.[engine:junit-jupiter]/[class:edu.ucsb.cs156.example.controllers.RecommendationRequestControllerTests]/[method:admin_tries_to_delete_non_existant_recommendation_request_and_gets_right_error_message()]
RecommendationRequestController.java,edu.ucsb.cs156.example.controllers.RecommendationRequestController,org.pitest.mutationtest.engine.gregor.mutators.returns.NullReturnValsMutator,lambda$getById$0,91,KILLED,edu.ucsb.cs156.example.controllers.RecommendationRequestControllerTests.[engine:junit-jupiter]/[class:edu.ucsb.cs156.example.controllers.RecommendationRequestControllerTests]/[method:test_that_logged_in_user_can_get_by_id_when_the_id_does_not_exist_recreq()]
RecommendationRequestController.java,edu.ucsb.cs156.example.controllers.RecommendationRequestController,org.pitest.mutationtest.engine.gregor.mutators.returns.NullReturnValsMutator,lambda$updateRecommendationRequest$2,118,KILLED,edu.ucsb.cs156.example.controllers.RecommendationRequestControllerTests.[engine:junit-jupiter]/[class:edu.ucsb.cs156.example.controllers.RecommendationRequestControllerTests]/[method:admin_cannot_edit_recommendation_request_that_does_not_exist()]
RecommendationRequestController.java,edu.ucsb.cs156.example.controllers.RecommendationRequestController,org.pitest.mutationtest.engine.gregor.mutators.VoidMethodCallMutator,postRecommendationRequest,72,KILLED,edu.ucsb.cs156.example.controllers.RecommendationRequestControllerTests.[engine:junit-jupiter]/[class:edu.ucsb.cs156.example.controllers.RecommendationRequestControllerTests]/[method:an_admin_user_can_post_a_new_recommendation_request()]
RecommendationRequestController.java,edu.ucsb.cs156.example.controllers.RecommendationRequestController,org.pitest.mutationtest.engine.gregor.mutators.VoidMethodCallMutator,postRecommendationRequest,73,KILLED,edu.ucsb.cs156.example.controllers.RecommendationRequestControllerTests.[engine:junit-jupiter]/[class:edu.ucsb.cs156.example.controllers.RecommendationRequestControllerTests]/[method:an_admin_user_can_post_a_new_recommendation_request()]
RecommendationRequestController.java,edu.ucsb.cs156.example.controllers.RecommendationRequestController,org.pitest.mutationtest.engine.gregor.mutators.VoidMethodCallMutator,postRecommendationRequest,74,KILLED,edu.ucsb.cs156.example.controllers.RecommendationRequestControllerTests.[engine:junit-jupiter]/[class:edu.ucsb.cs156.example.controllers.RecommendationRequestControllerTests]/[method:an_admin_user_can_post_a_new_recommendation_request()]
RecommendationRequestController.java,edu.ucsb.cs156.example.controllers.RecommendationRequestController,org.pitest.mutationtest.engine.gregor.mutators.VoidMethodCallMutator,postRecommendationRequest,75,KILLED,edu.ucsb.cs156.example.controllers.RecommendationRequestControllerTests.[engine:junit-jupiter]/[class:edu.ucsb.cs156.example.controllers.RecommendationRequestControllerTests]/[method:an_admin_user_can_post_a_new_recommendation_request()]
RecommendationRequestController.java,edu.ucsb.cs156.example.controllers.RecommendationRequestController,org.pitest.mutationtest.engine.gregor.mutators.VoidMethodCallMutator,postRecommendationRequest,76,KILLED,edu.ucsb.cs156.example.controllers.RecommendationRequestControllerTests.[engine:junit-jupiter]/[class:edu.ucsb.cs156.example.controllers.RecommendationRequestControllerTests]/[method:an_admin_user_can_post_a_new_recommendation_request()]
RecommendationRequestController.java,edu.ucsb.cs156.example.controllers.RecommendationRequestController,org.pitest.mutationtest.engine.gregor.mutators.VoidMethodCallMutator,postRecommendationRequest,77,KILLED,edu.ucsb.cs156.example.controllers.RecommendationRequestControllerTests.[engine:junit-jupiter]/[class:edu.ucsb.cs156.example.controllers.RecommendationRequestControllerTests]/[method:an_admin_user_can_post_a_new_recommendation_request()]
RecommendationRequestController.java,edu.ucsb.cs156.example.controllers.RecommendationRequestController,org.pitest.mutationtest.engine.gregor.mutators.returns.NullReturnValsMutator,postRecommendationRequest,81,KILLED,edu.ucsb.cs156.example.controllers.RecommendationRequestControllerTests.[engine:junit-jupiter]/[class:edu.ucsb.cs156.example.controllers.RecommendationRequestControllerTests]/[method:an_admin_user_can_post_a_new_recommendation_request()]
RecommendationRequestController.java,edu.ucsb.cs156.example.controllers.RecommendationRequestController,org.pitest.mutationtest.engine.gregor.mutators.VoidMethodCallMutator,updateRecommendationRequest,120,KILLED,edu.ucsb.cs156.example.controllers.RecommendationRequestControllerTests.[engine:junit-jupiter]/[class:edu.ucsb.cs156.example.controllers.RecommendationRequestControllerTests]/[method:admin_can_edit_an_existing_recommendation_request()]
RecommendationRequestController.java,edu.ucsb.cs156.example.controllers.RecommendationRequestController,org.pitest.mutationtest.engine.gregor.mutators.VoidMethodCallMutator,updateRecommendationRequest,121,KILLED,edu.ucsb.cs156.example.controllers.RecommendationRequestControllerTests.[engine:junit-jupiter]/[class:edu.ucsb.cs156.example.controllers.RecommendationRequestControllerTests]/[method:admin_can_edit_an_existing_recommendation_request()]
RecommendationRequestController.java,edu.ucsb.cs156.example.controllers.RecommendationRequestController,org.pitest.mutationtest.engine.gregor.mutators.VoidMethodCallMutator,updateRecommendationRequest,122,KILLED,edu.ucsb.cs156.example.controllers.RecommendationRequestControllerTests.[engine:junit-jupiter]/[class:edu.ucsb.cs156.example.controllers.RecommendationRequestControllerTests]/[method:admin_can_update_text_field_in_recommendation_request()]
RecommendationRequestController.java,edu.ucsb.cs156.example.controllers.RecommendationRequestController,org.pitest.mutationtest.engine.gregor.mutators.VoidMethodCallMutator,updateRecommendationRequest,123,KILLED,edu.ucsb.cs156.example.controllers.RecommendationRequestControllerTests.[engine:junit-jupiter]/[class:edu.ucsb.cs156.example.controllers.RecommendationRequestControllerTests]/[method:admin_can_edit_an_existing_recommendation_request()]
RecommendationRequestController.java,edu.ucsb.cs156.example.controllers.RecommendationRequestController,org.pitest.mutationtest.engine.gregor.mutators.VoidMethodCallMutator,updateRecommendationRequest,124,KILLED,edu.ucsb.cs156.example.controllers.RecommendationRequestControllerTests.[engine:junit-jupiter]/[class:edu.ucsb.cs156.example.controllers.RecommendationRequestControllerTests]/[method:admin_can_edit_an_existing_recommendation_request()]
RecommendationRequestController.java,edu.ucsb.cs156.example.controllers.RecommendationRequestController,org.pitest.mutationtest.engine.gregor.mutators.VoidMethodCallMutator,updateRecommendationRequest,125,KILLED,edu.ucsb.cs156.example.controllers.RecommendationRequestControllerTests.[engine:junit-jupiter]/[class:edu.ucsb.cs156.example.controllers.RecommendationRequestControllerTests]/[method:admin_can_edit_an_existing_recommendation_request()]
RecommendationRequestController.java,edu.ucsb.cs156.example.controllers.RecommendationRequestController,org.pitest.mutationtest.engine.gregor.mutators.returns.NullReturnValsMutator,updateRecommendationRequest,129,KILLED,edu.ucsb.cs156.example.controllers.RecommendationRequestControllerTests.[engine:junit-jupiter]/[class:edu.ucsb.cs156.example.controllers.RecommendationRequestControllerTests]/[method:admin_can_edit_an_existing_recommendation_request()]
RestaurantsController.java,edu.ucsb.cs156.example.controllers.RestaurantsController,org.pitest.mutationtest.engine.gregor.mutators.returns.EmptyObjectReturnValsMutator,allRestaurants,45,KILLED,edu.ucsb.cs156.example.controllers.RestaurantsControllerTests.[engine:junit-jupiter]/[class:edu.ucsb.cs156.example.controllers.RestaurantsControllerTests]/[method:logged_in_user_can_get_all_restaurants()]
RestaurantsController.java,edu.ucsb.cs156.example.controllers.RestaurantsController,org.pitest.mutationtest.engine.gregor.mutators.VoidMethodCallMutator,deleteRestaurant,98,KILLED,edu.ucsb.cs156.example.controllers.RestaurantsControllerTests.[engine:junit-jupiter]/[class:edu.ucsb.cs156.example.controllers.RestaurantsControllerTests]/[method:admin_can_delete_a_restaurant()]
RestaurantsController.java,edu.ucsb.cs156.example.controllers.RestaurantsController,org.pitest.mutationtest.engine.gregor.mutators.returns.NullReturnValsMutator,deleteRestaurant,99,KILLED,edu.ucsb.cs156.example.controllers.RestaurantsControllerTests.[engine:junit-jupiter]/[class:edu.ucsb.cs156.example.controllers.RestaurantsControllerTests]/[method:admin_can_delete_a_restaurant()]
RestaurantsController.java,edu.ucsb.cs156.example.controllers.RestaurantsController,org.pitest.mutationtest.engine.gregor.mutators.returns.NullReturnValsMutator,getById,61,KILLED,edu.ucsb.cs156.example.controllers.RestaurantsControllerTests.[engine:junit-jupiter]/[class:edu.ucsb.cs156.example.controllers.RestaurantsControllerTests]/[method:test_that_logged_in_user_can_get_by_id_when_the_id_exists()]
RestaurantsController.java,edu.ucsb.cs156.example.controllers.RestaurantsController,org.pitest.mutationtest.engine.gregor.mutators.returns.NullReturnValsMutator,lambda$deleteRestaurant$1,96,KILLED,edu.ucsb.cs156.example.controllers.RestaurantsControllerTests.[engine:junit-jupiter]/[class:edu.ucsb.cs156.example.controllers.RestaurantsControllerTests]/[method:admin_tries_to_delete_non_existant_restaurant_and_gets_right_error_message()]
RestaurantsController.java,edu.ucsb.cs156.example.controllers.RestaurantsController,org.pitest.mutationtest.engine.gregor.mutators.returns.NullReturnValsMutator,lambda$getById$0,59,KILLED,edu.ucsb.cs156.example.controllers.RestaurantsControllerTests.[engine:junit-jupiter]/[class:edu.ucsb.cs156.example.controllers.RestaurantsControllerTests]/[method:test_that_logged_in_user_can_get_by_id_when_the_id_does_not_exist()]
RestaurantsController.java,edu.ucsb.cs156.example.controllers.RestaurantsController,org.pitest.mutationtest.engine.gregor.mutators.returns.NullReturnValsMutator,lambda$updateRestaurant$2,116,KILLED,edu.ucsb.cs156.example.controllers.RestaurantsControllerTests.[engine:junit-jupiter]/[class:edu.ucsb.cs156.example.controllers.RestaurantsControllerTests]/[method:admin_cannot_edit_restaurant_that_does_not_exist()]
RestaurantsController.java,edu.ucsb.cs156.example.controllers.RestaurantsController,org.pitest.mutationtest.engine.gregor.mutators.VoidMethodCallMutator,postRestaurant,78,KILLED,edu.ucsb.cs156.example.controllers.RestaurantsControllerTests.[engine:junit-jupiter]/[class:edu.ucsb.cs156.example.controllers.RestaurantsControllerTests]/[method:an_admin_user_can_post_a_new_restaurant()]
RestaurantsController.java,edu.ucsb.cs156.example.controllers.RestaurantsController,org.pitest.mutationtest.engine.gregor.mutators.VoidMethodCallMutator,postRestaurant,79,KILLED,edu.ucsb.cs156.example.controllers.RestaurantsControllerTests.[engine:junit-jupiter]/[class:edu.ucsb.cs156.example.controllers.RestaurantsControllerTests]/[method:an_admin_user_can_post_a_new_restaurant()]
RestaurantsController.java,edu.ucsb.cs156.example.controllers.RestaurantsController,org.pitest.mutationtest.engine.gregor.mutators.returns.NullReturnValsMutator,postRestaurant,82,KILLED,edu.ucsb.cs156.example.controllers.RestaurantsControllerTests.[engine:junit-jupiter]/[class:edu.ucsb.cs156.example.controllers.RestaurantsControllerTests]/[method:an_admin_user_can_post_a_new_restaurant()]
RestaurantsController.java,edu.ucsb.cs156.example.controllers.RestaurantsController,org.pitest.mutationtest.engine.gregor.mutators.VoidMethodCallMutator,updateRestaurant,118,KILLED,edu.ucsb.cs156.example.controllers.RestaurantsControllerTests.[engine:junit-jupiter]/[class:edu.ucsb.cs156.example.controllers.RestaurantsControllerTests]/[method:admin_can_edit_an_existing_restaurant()]
RestaurantsController.java,edu.ucsb.cs156.example.controllers.RestaurantsController,org.pitest.mutationtest.engine.gregor.mutators.VoidMethodCallMutator,updateRestaurant,119,KILLED,edu.ucsb.cs156.example.controllers.RestaurantsControllerTests.[engine:junit-jupiter]/[class:edu.ucsb.cs156.example.controllers.RestaurantsControllerTests]/[method:admin_can_edit_an_existing_restaurant()]
RestaurantsController.java,edu.ucsb.cs156.example.controllers.RestaurantsController,org.pitest.mutationtest.engine.gregor.mutators.returns.NullReturnValsMutator,updateRestaurant,123,KILLED,edu.ucsb.cs156.example.controllers.RestaurantsControllerTests.[engine:junit-jupiter]/[class:edu.ucsb.cs156.example.controllers.RestaurantsControllerTests]/[method:admin_can_edit_an_existing_restaurant()]
SystemInfoController.java,edu.ucsb.cs156.example.controllers.SystemInfoController,org.pitest.mutationtest.engine.gregor.mutators.returns.NullReturnValsMutator,getSystemInfo,43,KILLED,edu.ucsb.cs156.example.controllers.SystemInfoControllerTests.[engine:junit-jupiter]/[class:edu.ucsb.cs156.example.controllers.SystemInfoControllerTests]/[method:systemInfo__admin_logged_in()]
UCSBDatesController.java,edu.ucsb.cs156.example.controllers.UCSBDatesController,org.pitest.mutationtest.engine.gregor.mutators.returns.EmptyObjectReturnValsMutator,allUCSBDates,53,KILLED,edu.ucsb.cs156.example.controllers.UCSBDatesControllerTests.[engine:junit-jupiter]/[class:edu.ucsb.cs156.example.controllers.UCSBDatesControllerTests]/[method:logged_in_user_can_get_all_ucsbdates()]
UCSBDatesController.java,edu.ucsb.cs156.example.controllers.UCSBDatesController,org.pitest.mutationtest.engine.gregor.mutators.VoidMethodCallMutator,deleteUCSBDate,119,KILLED,edu.ucsb.cs156.example.controllers.UCSBDatesControllerTests.[engine:junit-jupiter]/[class:edu.ucsb.cs156.example.controllers.UCSBDatesControllerTests]/[method:admin_can_delete_a_date()]
UCSBDatesController.java,edu.ucsb.cs156.example.controllers.UCSBDatesController,org.pitest.mutationtest.engine.gregor.mutators.returns.NullReturnValsMutator,deleteUCSBDate,120,KILLED,edu.ucsb.cs156.example.controllers.UCSBDatesControllerTests.[engine:junit-jupiter]/[class:edu.ucsb.cs156.example.controllers.UCSBDatesControllerTests]/[method:admin_can_delete_a_date()]
UCSBDatesController.java,edu.ucsb.cs156.example.controllers.UCSBDatesController,org.pitest.mutationtest.engine.gregor.mutators.returns.NullReturnValsMutator,getById,70,KILLED,edu.ucsb.cs156.example.controllers.UCSBDatesControllerTests.[engine:junit-jupiter]/[class:edu.ucsb.cs156.example.controllers.UCSBDatesControllerTests]/[method:test_that_logged_in_user_can_get_by_id_when_the_id_exists()]
UCSBDatesController.java,edu.ucsb.cs156.example.controllers.UCSBDatesController,org.pitest.mutationtest.engine.gregor.mutators.returns.NullReturnValsMutator,lambda$deleteUCSBDate$1,117,KILLED,edu.ucsb.cs156.example.controllers.UCSBDatesControllerTests.[engine:junit-jupiter]/[class:edu.ucsb.cs156.example.controllers.UCSBDatesControllerTests]/[method:admin_tries_to_delete_non_existant_ucsbdate_and_gets_right_error_message()]
UCSBDatesController.java,edu.ucsb.cs156.example.controllers.UCSBDatesController,org.pitest.mutationtest.engine.gregor.mutators.returns.NullReturnValsMutator,lambda$getById$0,68,KILLED,edu.ucsb.cs156.example.controllers.UCSBDatesControllerTests.[engine:junit-jupiter]/[class:edu.ucsb.cs156.example.controllers.UCSBDatesControllerTests]/[method:test_that_logged_in_user_can_get_by_id_when_the_id_does_not_exist()]
UCSBDatesController.java,edu.ucsb.cs156.example.controllers.UCSBDatesController,org.pitest.mutationtest.engine.gregor.mutators.returns.NullReturnValsMutator,lambda$updateUCSBDate$2,138,KILLED,edu.ucsb.cs156.example.controllers.UCSBDatesControllerTests.[engine:junit-jupiter]/[class:edu.ucsb.cs156.example.controllers.UCSBDatesControllerTests]/[method:admin_cannot_edit_ucsbdate_that_does_not_exist()]
UCSBDatesController.java,edu.ucsb.cs156.example.controllers.UCSBDatesController,org.pitest.mutationtest.engine.gregor.mutators.VoidMethodCallMutator,postUCSBDate,96,KILLED,edu.ucsb.cs156.example.controllers.UCSBDatesControllerTests.[engine:junit-jupiter]/[class:edu.ucsb.cs156.example.controllers.UCSBDatesControllerTests]/[method:an_admin_user_can_post_a_new_ucsbdate()]
UCSBDatesController.java,edu.ucsb.cs156.example.controllers.UCSBDatesController,org.pitest.mutationtest.engine.gregor.mutators.VoidMethodCallMutator,postUCSBDate,97,KILLED,edu.ucsb.cs156.example.controllers.UCSBDatesControllerTests.[engine:junit-jupiter]/[class:edu.ucsb.cs156.example.controllers.UCSBDatesControllerTests]/[method:an_admin_user_can_post_a_new_ucsbdate()]
UCSBDatesController.java,edu.ucsb.cs156.example.controllers.UCSBDatesController,org.pitest.mutationtest.engine.gregor.mutators.VoidMethodCallMutator,postUCSBDate,98,KILLED,edu.ucsb.cs156.example.controllers.UCSBDatesControllerTests.[engine:junit-jupiter]/[class:edu.ucsb.cs156.example.controllers.UCSBDatesControllerTests]/[method:an_admin_user_can_post_a_new_ucsbdate()]
UCSBDatesController.java,edu.ucsb.cs156.example.controllers.UCSBDatesController,org.pitest.mutationtest.engine.gregor.mutators.returns.NullReturnValsMutator,postUCSBDate,102,KILLED,edu.ucsb.cs156.example.controllers.UCSBDatesControllerTests.[engine:junit-jupiter]/[class:edu.ucsb.cs156.example.controllers.UCSBDatesControllerTests]/[method:an_admin_user_can_post_a_new_ucsbdate()]
UCSBDatesController.java,edu.ucsb.cs156.example.controllers.UCSBDatesController,org.pitest.mutationtest.engine.gregor.mutators.VoidMethodCallMutator,updateUCSBDate,140,KILLED,edu.ucsb.cs156.example.controllers.UCSBDatesControllerTests.[engine:junit-jupiter]/[class:edu.ucsb.cs156.example.controllers.UCSBDatesControllerTests]/[method:admin_can_edit_an_existing_ucsbdate()]
UCSBDatesController.java,edu.ucsb.cs156.example.controllers.UCSBDatesController,org.pitest.mutationtest.engine.gregor.mutators.VoidMethodCallMutator,updateUCSBDate,141,KILLED,edu.ucsb.cs156.example.controllers.UCSBDatesControllerTests.[engine:junit-jupiter]/[class:edu.ucsb.cs156.example.controllers.UCSBDatesControllerTests]/[method:admin_can_edit_an_existing_ucsbdate()]
UCSBDatesController.java,edu.ucsb.cs156.example.controllers.UCSBDatesController,org.pitest.mutationtest.engine.gregor.mutators.VoidMethodCallMutator,updateUCSBDate,142,KILLED,edu.ucsb.cs156.example.controllers.UCSBDatesControllerTests.[engine:junit-jupiter]/[class:edu.ucsb.cs156.example.controllers.UCSBDatesControllerTests]/[method:admin_can_edit_an_existing_ucsbdate()]
UCSBDatesController.java,edu.ucsb.cs156.example.controllers.UCSBDatesController,org.pitest.mutationtest.engine.gregor.mutators.returns.NullReturnValsMutator,updateUCSBDate,146,KILLED,edu.ucsb.cs156.example.controllers.UCSBDatesControllerTests.[engine:junit-jupiter]/[class:edu.ucsb.cs156.example.controllers.UCSBDatesControllerTests]/[method:admin_can_edit_an_existing_ucsbdate()]
UCSBDiningCommonsController.java,edu.ucsb.cs156.example.controllers.UCSBDiningCommonsController,org.pitest.mutationtest.engine.gregor.mutators.returns.EmptyObjectReturnValsMutator,allCommonss,47,KILLED,edu.ucsb.cs156.example.controllers.UCSBDiningCommonsControllerTests.[engine:junit-jupiter]/[class:edu.ucsb.cs156.example.controllers.UCSBDiningCommonsControllerTests]/[method:logged_in_user_can_get_all_ucsbdiningcommons()]
UCSBDiningCommonsController.java,edu.ucsb.cs156.example.controllers.UCSBDiningCommonsController,org.pitest.mutationtest.engine.gregor.mutators.VoidMethodCallMutator,deleteCommons,118,KILLED,edu.ucsb.cs156.example.controllers.UCSBDiningCommonsControllerTests.[engine:junit-jupiter]/[class:edu.ucsb.cs156.example.controllers.UCSBDiningCommonsControllerTests]/[method:admin_can_delete_a_date()]
UCSBDiningCommonsController.java,edu.ucsb.cs156.example.controllers.UCSBDiningCommonsController,org.pitest.mutationtest.engine.gregor.mutators.returns.NullReturnValsMutator,deleteCommons,119,KILLED,edu.ucsb.cs156.example.controllers.UCSBDiningCommonsControllerTests.[engine:junit-jupiter]/[class:edu.ucsb.cs156.example.controllers.UCSBDiningCommonsControllerTests]/[method:admin_can_delete_a_date()]
UCSBDiningCommonsController.java,edu.ucsb.cs156.example.controllers.UCSBDiningCommonsController,org.pitest.mutationtest.engine.gregor.mutators.returns.NullReturnValsMutator,getById,63,KILLED,edu.ucsb.cs156.example.controllers.UCSBDiningCommonsControllerTests.[engine:junit-jupiter]/[class:edu.ucsb.cs156.example.controllers.UCSBDiningCommonsControllerTests]/[method:test_that_logged_in_user_can_get_by_id_when_the_id_exists()]
UCSBDiningCommonsController.java,edu.ucsb.cs156.example.controllers.UCSBDiningCommonsController,org.pitest.mutationtest.engine.gregor.mutators.returns.NullReturnValsMutator,lambda$deleteCommons$1,116,KILLED,edu.ucsb.cs156.example.controllers.UCSBDiningCommonsControllerTests.[engine:junit-jupiter]/[class:edu.ucsb.cs156.example.controllers.UCSBDiningCommonsControllerTests]/[method:admin_tries_to_delete_non_existant_commons_and_gets_right_error_message()]
UCSBDiningCommonsController.java,edu.ucsb.cs156.example.controllers.UCSBDiningCommonsController,org.pitest.mutationtest.engine.gregor.mutators.returns.NullReturnValsMutator,lambda$getById$0,61,KILLED,edu.ucsb.cs156.example.controllers.UCSBDiningCommonsControllerTests.[engine:junit-jupiter]/[class:edu.ucsb.cs156.example.controllers.UCSBDiningCommonsControllerTests]/[method:test_that_logged_in_user_can_get_by_id_when_the_id_does_not_exist()]
UCSBDiningCommonsController.java,edu.ucsb.cs156.example.controllers.UCSBDiningCommonsController,org.pitest.mutationtest.engine.gregor.mutators.returns.NullReturnValsMutator,lambda$updateCommons$2,136,KILLED,edu.ucsb.cs156.example.controllers.UCSBDiningCommonsControllerTests.[engine:junit-jupiter]/[class:edu.ucsb.cs156.example.controllers.UCSBDiningCommonsControllerTests]/[method:admin_cannot_edit_commons_that_does_not_exist()]
UCSBDiningCommonsController.java,edu.ucsb.cs156.example.controllers.UCSBDiningCommonsController,org.pitest.mutationtest.engine.gregor.mutators.VoidMethodCallMutator,postCommons,92,KILLED,edu.ucsb.cs156.example.controllers.UCSBDiningCommonsControllerTests.[engine:junit-jupiter]/[class:edu.ucsb.cs156.example.controllers.UCSBDiningCommonsControllerTests]/[method:an_admin_user_can_post_a_new_commons()]
UCSBDiningCommonsController.java,edu.ucsb.cs156.example.controllers.UCSBDiningCommonsController,org.pitest.mutationtest.engine.gregor.mutators.VoidMethodCallMutator,postCommons,93,KILLED,edu.ucsb.cs156.example.controllers.UCSBDiningCommonsControllerTests.[engine:junit-jupiter]/[class:edu.ucsb.cs156.example.controllers.UCSBDiningCommonsControllerTests]/[method:an_admin_user_can_post_a_new_commons()]
UCSBDiningCommonsController.java,edu.ucsb.cs156.example.controllers.UCSBDiningCommonsController,org.pitest.mutationtest.engine.gregor.mutators.VoidMethodCallMutator,postCommons,94,KILLED,edu.ucsb.cs156.example.controllers.UCSBDiningCommonsControllerTests.[engine:junit-jupiter]/[class:edu.ucsb.cs156.example.controllers.UCSBDiningCommonsControllerTests]/[method:an_admin_user_can_post_a_new_commons()]
UCSBDiningCommonsController.java,edu.ucsb.cs156.example.controllers.UCSBDiningCommonsController,org.pitest.mutationtest.engine.gregor.mutators.VoidMethodCallMutator,postCommons,95,KILLED,edu.ucsb.cs156.example.controllers.UCSBDiningCommonsControllerTests.[engine:junit-jupiter]/[class:edu.ucsb.cs156.example.controllers.UCSBDiningCommonsControllerTests]/[method:an_admin_user_can_post_a_new_commons()]
UCSBDiningCommonsController.java,edu.ucsb.cs156.example.controllers.UCSBDiningCommonsController,org.pitest.mutationtest.engine.gregor.mutators.VoidMethodCallMutator,postCommons,96,KILLED,edu.ucsb.cs156.example.controllers.UCSBDiningCommonsControllerTests.[engine:junit-jupiter]/[class:edu.ucsb.cs156.example.controllers.UCSBDiningCommonsControllerTests]/[method:an_admin_user_can_post_a_new_commons()]
UCSBDiningCommonsController.java,edu.ucsb.cs156.example.controllers.UCSBDiningCommonsController,org.pitest.mutationtest.engine.gregor.mutators.VoidMethodCallMutator,postCommons,97,KILLED,edu.ucsb.cs156.example.controllers.UCSBDiningCommonsControllerTests.[engine:junit-jupiter]/[class:edu.ucsb.cs156.example.controllers.UCSBDiningCommonsControllerTests]/[method:an_admin_user_can_post_a_new_commons()]
UCSBDiningCommonsController.java,edu.ucsb.cs156.example.controllers.UCSBDiningCommonsController,org.pitest.mutationtest.engine.gregor.mutators.VoidMethodCallMutator,postCommons,98,KILLED,edu.ucsb.cs156.example.controllers.UCSBDiningCommonsControllerTests.[engine:junit-jupiter]/[class:edu.ucsb.cs156.example.controllers.UCSBDiningCommonsControllerTests]/[method:an_admin_user_can_post_a_new_commons()]
UCSBDiningCommonsController.java,edu.ucsb.cs156.example.controllers.UCSBDiningCommonsController,org.pitest.mutationtest.engine.gregor.mutators.returns.NullReturnValsMutator,postCommons,102,KILLED,edu.ucsb.cs156.example.controllers.UCSBDiningCommonsControllerTests.[engine:junit-jupiter]/[class:edu.ucsb.cs156.example.controllers.UCSBDiningCommonsControllerTests]/[method:an_admin_user_can_post_a_new_commons()]
UCSBDiningCommonsController.java,edu.ucsb.cs156.example.controllers.UCSBDiningCommonsController,org.pitest.mutationtest.engine.gregor.mutators.VoidMethodCallMutator,updateCommons,139,KILLED,edu.ucsb.cs156.example.controllers.UCSBDiningCommonsControllerTests.[engine:junit-jupiter]/[class:edu.ucsb.cs156.example.controllers.UCSBDiningCommonsControllerTests]/[method:admin_can_edit_an_existing_commons()]
UCSBDiningCommonsController.java,edu.ucsb.cs156.example.controllers.UCSBDiningCommonsController,org.pitest.mutationtest.engine.gregor.mutators.VoidMethodCallMutator,updateCommons,140,KILLED,edu.ucsb.cs156.example.controllers.UCSBDiningCommonsControllerTests.[engine:junit-jupiter]/[class:edu.ucsb.cs156.example.controllers.UCSBDiningCommonsControllerTests]/[method:admin_can_edit_an_existing_commons()]
UCSBDiningCommonsController.java,edu.ucsb.cs156.example.controllers.UCSBDiningCommonsController,org.pitest.mutationtest.engine.gregor.mutators.VoidMethodCallMutator,updateCommons,141,KILLED,edu.ucsb.cs156.example.controllers.UCSBDiningCommonsControllerTests.[engine:junit-jupiter]/[class:edu.ucsb.cs156.example.controllers.UCSBDiningCommonsControllerTests]/[method:admin_can_edit_an_existing_commons()]
UCSBDiningCommonsController.java,edu.ucsb.cs156.example.controllers.UCSBDiningCommonsController,org.pitest.mutationtest.engine.gregor.mutators.VoidMethodCallMutator,updateCommons,142,KILLED,edu.ucsb.cs156.example.controllers.UCSBDiningCommonsControllerTests.[engine:junit-jupiter]/[class:edu.ucsb.cs156.example.controllers.UCSBDiningCommonsControllerTests]/[method:admin_can_edit_an_existing_commons()]
UCSBDiningCommonsController.java,edu.ucsb.cs156.example.controllers.UCSBDiningCommonsController,org.pitest.mutationtest.engine.gregor.mutators.VoidMethodCallMutator,updateCommons,143,KILLED,edu.ucsb.cs156.example.controllers.UCSBDiningCommonsControllerTests.[engine:junit-jupiter]/[class:edu.ucsb.cs156.example.controllers.UCSBDiningCommonsControllerTests]/[method:admin_can_edit_an_existing_commons()]
UCSBDiningCommonsController.java,edu.ucsb.cs156.example.controllers.UCSBDiningCommonsController,org.pitest.mutationtest.engine.gregor.mutators.VoidMethodCallMutator,updateCommons,144,KILLED,edu.ucsb.cs156.example.controllers.UCSBDiningCommonsControllerTests.[engine:junit-jupiter]/[class:edu.ucsb.cs156.example.controllers.UCSBDiningCommonsControllerTests]/[method:admin_can_edit_an_existing_commons()]
UCSBDiningCommonsController.java,edu.ucsb.cs156.example.controllers.UCSBDiningCommonsController,org.pitest.mutationtest.engine.gregor.mutators.returns.NullReturnValsMutator,updateCommons,148,KILLED,edu.ucsb.cs156.example.controllers.UCSBDiningCommonsControllerTests.[engine:junit-jupiter]/[class:edu.ucsb.cs156.example.controllers.UCSBDiningCommonsControllerTests]/[method:admin_can_edit_an_existing_commons()]
UCSBDiningCommonsMenuItemController.java,edu.ucsb.cs156.example.controllers.UCSBDiningCommonsMenuItemController,org.pitest.mutationtest.engine.gregor.mutators.returns.EmptyObjectReturnValsMutator,allUCSBDiningCommonsMenuItems,53,KILLED,edu.ucsb.cs156.example.controllers.UCSBDiningCommonsMenuItemControllerTests.[engine:junit-jupiter]/[class:edu.ucsb.cs156.example.controllers.UCSBDiningCommonsMenuItemControllerTests]/[method:logged_in_user_can_get_all_ucsbdiningcommonsmenuitems()]
UCSBDiningCommonsMenuItemController.java,edu.ucsb.cs156.example.controllers.UCSBDiningCommonsMenuItemController,org.pitest.mutationtest.engine.gregor.mutators.VoidMethodCallMutator,deleteUCSBDiningCommonsMenuItem,140,KILLED,edu.ucsb.cs156.example.controllers.UCSBDiningCommonsMenuItemControllerTests.[engine:junit-jupiter]/[class:edu.ucsb.cs156.example.controllers.UCSBDiningCommonsMenuItemControllerTests]/[method:admin_can_delete_a_ucsbdiningcommonsmenuitem()]
UCSBDiningCommonsMenuItemController.java,edu.ucsb.cs156.example.controllers.UCSBDiningCommonsMenuItemController,org.pitest.mutationtest.engine.gregor.mutators.returns.NullReturnValsMutator,deleteUCSBDiningCommonsMenuItem,141,KILLED,edu.ucsb.cs156.example.controllers.UCSBDiningCommonsMenuItemControllerTests.[engine:junit-jupiter]/[class:edu.ucsb.cs156.example.controllers.UCSBDiningCommonsMenuItemControllerTests]/[method:admin_can_delete_a_ucsbdiningcommonsmenuitem()]
UCSBDiningCommonsMenuItemController.java,edu.ucsb.cs156.example.controllers.UCSBDiningCommonsMenuItemController,org.pitest.mutationtest.engine.gregor.mutators.returns.NullReturnValsMutator,getById,70,KILLED,edu.ucsb.cs156.example.controllers.UCSBDiningCommonsMenuItemControllerTests.[engine:junit-jupiter]/[class:edu.ucsb.cs156.example.controllers.UCSBDiningCommonsMenuItemControllerTests]/[method:test_that_logged_in_user_can_get_by_id_when_the_id_exists()]
UCSBDiningCommonsMenuItemController.java,edu.ucsb.cs156.example.controllers.UCSBDiningCommonsMenuItemController,org.pitest.mutationtest.engine.gregor.mutators.returns.NullReturnValsMutator,lambda$deleteUCSBDiningCommonsMenuItem$2,138,KILLED,edu.ucsb.cs156.example.controllers.UCSBDiningCommonsMenuItemControllerTests.[engine:junit-jupiter]/[class:edu.ucsb.cs156.example.controllers.UCSBDiningCommonsMenuItemControllerTests]/[method:admin_tries_to_delete_non_existant_ucsbdiningcommonsmenuitem_and_gets_right_error_message()]
UCSBDiningCommonsMenuItemController.java,edu.ucsb.cs156.example.controllers.UCSBDiningCommonsMenuItemController,org.pitest.mutationtest.engine.gregor.mutators.returns.NullReturnValsMutator,lambda$getById$0,68,KILLED,edu.ucsb.cs156.example.controllers.UCSBDiningCommonsMenuItemControllerTests.[engine:junit-jupiter]/[class:edu.ucsb.cs156.example.controllers.UCSBDiningCommonsMenuItemControllerTests]/[method:test_that_logged_in_user_can_get_by_id_when_the_id_does_not_exist()]
UCSBDiningCommonsMenuItemController.java,edu.ucsb.cs156.example.controllers.UCSBDiningCommonsMenuItemController,org.pitest.mutationtest.engine.gregor.mutators.returns.NullReturnValsMutator,lambda$updateUCSBDiningCommonsMenuItem$1,115,KILLED,edu.ucsb.cs156.example.controllers.UCSBDiningCommonsMenuItemControllerTests.[engine:junit-jupiter]/[class:edu.ucsb.cs156.example.controllers.UCSBDiningCommonsMenuItemControllerTests]/[method:admin_cannot_edit_ucsbdiningcommonsmenuitem_that_does_not_exist()]
UCSBDiningCommonsMenuItemController.java,edu.ucsb.cs156.example.controllers.UCSBDiningCommonsMenuItemController,org.pitest.mutationtest.engine.gregor.mutators.VoidMethodCallMutator,postUCSBDiningCommonsMenuItem,91,KILLED,edu.ucsb.cs156.example.controllers.UCSBDiningCommonsMenuItemControllerTests.[engine:junit-jupiter]/[class:edu.ucsb.cs156.example.controllers.UCSBDiningCommonsMenuItemControllerTests]/[method:an_admin_user_can_post_a_new_ucsbdiningcommonsmenuitem()]
UCSBDiningCommonsMenuItemController.java,edu.ucsb.cs156.example.controllers.UCSBDiningCommonsMenuItemController,org.pitest.mutationtest.engine.gregor.mutators.VoidMethodCallMutator,postUCSBDiningCommonsMenuItem,92,KILLED,edu.ucsb.cs156.example.controllers.UCSBDiningCommonsMenuItemControllerTests.[engine:junit-jupiter]/[class:edu.ucsb.cs156.example.controllers.UCSBDiningCommonsMenuItemControllerTests]/[method:an_admin_user_can_post_a_new_ucsbdiningcommonsmenuitem()]
UCSBDiningCommonsMenuItemController.java,edu.ucsb.cs156.example.controllers.UCSBDiningCommonsMenuItemController,org.pitest.mutationtest.engine.gregor.mutators.VoidMethodCallMutator,postUCSBDiningCommonsMenuItem,93,KILLED,edu.ucsb.cs156.example.controllers.UCSBDiningCommonsMenuItemControllerTests.[engine:junit-jupiter]/[class:edu.ucsb.cs156.example.controllers.UCSBDiningCommonsMenuItemControllerTests]/[method:an_admin_user_can_post_a_new_ucsbdiningcommonsmenuitem()]
UCSBDiningCommonsMenuItemController.java,edu.ucsb.cs156.example.controllers.UCSBDiningCommonsMenuItemController,org.pitest.mutationtest.engine.gregor.mutators.returns.NullReturnValsMutator,postUCSBDiningCommonsMenuItem,97,KILLED,edu.ucsb.cs156.example.controllers.UCSBDiningCommonsMenuItemControllerTests.[engine:junit-jupiter]/[class:edu.ucsb.cs156.example.controllers.UCSBDiningCommonsMenuItemControllerTests]/[method:an_admin_user_can_post_a_new_ucsbdiningcommonsmenuitem()]
UCSBDiningCommonsMenuItemController.java,edu.ucsb.cs156.example.controllers.UCSBDiningCommonsMenuItemController,org.pitest.mutationtest.engine.gregor.mutators.VoidMethodCallMutator,updateUCSBDiningCommonsMenuItem,117,KILLED,edu.ucsb.cs156.example.controllers.UCSBDiningCommonsMenuItemControllerTests.[engine:junit-jupiter]/[class:edu.ucsb.cs156.example.controllers.UCSBDiningCommonsMenuItemControllerTests]/[method:admin_can_edit_an_existing_ucsbdiningcommonsmenuitem()]
UCSBDiningCommonsMenuItemController.java,edu.ucsb.cs156.example.controllers.UCSBDiningCommonsMenuItemController,org.pitest.mutationtest.engine.gregor.mutators.VoidMethodCallMutator,updateUCSBDiningCommonsMenuItem,118,KILLED,edu.ucsb.cs156.example.controllers.UCSBDiningCommonsMenuItemControllerTests.[engine:junit-jupiter]/[class:edu.ucsb.cs156.example.controllers.UCSBDiningCommonsMenuItemControllerTests]/[method:admin_can_edit_an_existing_ucsbdiningcommonsmenuitem()]
UCSBDiningCommonsMenuItemController.java,edu.ucsb.cs156.example.controllers.UCSBDiningCommonsMenuItemController,org.pitest.mutationtest.engine.gregor.mutators.VoidMethodCallMutator,updateUCSBDiningCommonsMenuItem,119,KILLED,edu.ucsb.cs156.example.controllers.UCSBDiningCommonsMenuItemControllerTests.[engine:junit-jupiter]/[class:edu.ucsb.cs156.example.controllers.UCSBDiningCommonsMenuItemControllerTests]/[method:admin_can_edit_an_existing_ucsbdiningcommonsmenuitem()]
UCSBDiningCommonsMenuItemController.java,edu.ucsb.cs156.example.controllers.UCSBDiningCommonsMenuItemController,org.pitest.mutationtest.engine.gregor.mutators.returns.NullReturnValsMutator,updateUCSBDiningCommonsMenuItem,123,KILLED,edu.ucsb.cs156.example.controllers.UCSBDiningCommonsMenuItemControllerTests.[engine:junit-jupiter]/[class:edu.ucsb.cs156.example.controllers.UCSBDiningCommonsMenuItemControllerTests]/[method:admin_can_edit_an_existing_ucsbdiningcommonsmenuitem()]
UCSBOrganizationController.java,edu.ucsb.cs156.example.controllers.UCSBOrganizationController,org.pitest.mutationtest.engine.gregor.mutators.returns.EmptyObjectReturnValsMutator,allOrganizations,42,KILLED,edu.ucsb.cs156.example.controllers.UCSBOrganizationControllerTests.[engine:junit-jupiter]/[class:edu.ucsb.cs156.example.controllers.UCSBOrganizationControllerTests]/[method:logged_in_user_can_get_all_ucsborganizations()]
UCSBOrganizationController.java,edu.ucsb.cs156.example.controllers.UCSBOrganizationController,org.pitest.mutationtest.engine.gregor.mutators.VoidMethodCallMutator,deleteOrganization,102,KILLED,edu.ucsb.cs156.example.controllers.UCSBOrganizationControllerTests.[engine:junit-jupiter]/[class:edu.ucsb.cs156.example.controllers.UCSBOrganizationControllerTests]/[method:admin_can_delete_a_ucsborganization()]
UCSBOrganizationController.java,edu.ucsb.cs156.example.controllers.UCSBOrganizationController,org.pitest.mutationtest.engine.gregor.mutators.returns.NullReturnValsMutator,deleteOrganization,103,KILLED,edu.ucsb.cs156.example.controllers.UCSBOrganizationControllerTests.[engine:junit-jupiter]/[class:edu.ucsb.cs156.example.controllers.UCSBOrganizationControllerTests]/[method:admin_can_delete_a_ucsborganization()]
UCSBOrganizationController.java,edu.ucsb.cs156.example.controllers.UCSBOrganizationController,org.pitest.mutationtest.engine.gregor.mutators.returns.NullReturnValsMutator,getById,59,KILLED,edu.ucsb.cs156.example.controllers.UCSBOrganizationControllerTests.[engine:junit-jupiter]/[class:edu.ucsb.cs156.example.controllers.UCSBOrganizationControllerTests]/[method:test_that_logged_in_user_can_get_by_id_when_the_id_exists()]
UCSBOrganizationController.java,edu.ucsb.cs156.example.controllers.UCSBOrganizationController,org.pitest.mutationtest.engine.gregor.mutators.returns.NullReturnValsMutator,lambda$deleteOrganization$1,100,KILLED,edu.ucsb.cs156.example.controllers.UCSBOrganizationControllerTests.[engine:junit-jupiter]/[class:edu.ucsb.cs156.example.controllers.UCSBOrganizationControllerTests]/[method:admin_tries_to_delete_non_existant_ucsborganization_and_gets_right_error_message()]
UCSBOrganizationController.java,edu.ucsb.cs156.example.controllers.UCSBOrganizationController,org.pitest.mutationtest.engine.gregor.mutators.returns.NullReturnValsMutator,lambda$getById$0,60,KILLED,edu.ucsb.cs156.example.controllers.UCSBOrganizationControllerTests.[engine:junit-jupiter]/[class:edu.ucsb.cs156.example.controllers.UCSBOrganizationControllerTests]/[method:test_that_logged_in_user_can_get_by_id_when_the_id_does_not_exist()]
UCSBOrganizationController.java,edu.ucsb.cs156.example.controllers.UCSBOrganizationController,org.pitest.mutationtest.engine.gregor.mutators.returns.NullReturnValsMutator,lambda$updateOrganization$2,122,KILLED,edu.ucsb.cs156.example.controllers.UCSBOrganizationControllerTests.[engine:junit-jupiter]/[class:edu.ucsb.cs156.example.controllers.UCSBOrganizationControllerTests]/[method:admin_cannot_edit_ucsborganization_that_does_not_exist()]
UCSBOrganizationController.java,edu.ucsb.cs156.example.controllers.UCSBOrganizationController,org.pitest.mutationtest.engine.gregor.mutators.returns.NullReturnValsMutator,postOrganization,83,KILLED,edu.ucsb.cs156.example.controllers.UCSBOrganizationControllerTests.[engine:junit-jupiter]/[class:edu.ucsb.cs156.example.controllers.UCSBOrganizationControllerTests]/[method:admin_can_post_a_new_ucsborganization()]
UCSBOrganizationController.java,edu.ucsb.cs156.example.controllers.UCSBOrganizationController,org.pitest.mutationtest.engine.gregor.mutators.VoidMethodCallMutator,updateOrganization,125,KILLED,edu.ucsb.cs156.example.controllers.UCSBOrganizationControllerTests.[engine:junit-jupiter]/[class:edu.ucsb.cs156.example.controllers.UCSBOrganizationControllerTests]/[method:admin_can_edit_an_existing_ucsborganization()]
UCSBOrganizationController.java,edu.ucsb.cs156.example.controllers.UCSBOrganizationController,org.pitest.mutationtest.engine.gregor.mutators.VoidMethodCallMutator,updateOrganization,126,KILLED,edu.ucsb.cs156.example.controllers.UCSBOrganizationControllerTests.[engine:junit-jupiter]/[class:edu.ucsb.cs156.example.controllers.UCSBOrganizationControllerTests]/[method:admin_can_edit_an_existing_ucsborganization()]
UCSBOrganizationController.java,edu.ucsb.cs156.example.controllers.UCSBOrganizationController,org.pitest.mutationtest.engine.gregor.mutators.VoidMethodCallMutator,updateOrganization,127,KILLED,edu.ucsb.cs156.example.controllers.UCSBOrganizationControllerTests.[engine:junit-jupiter]/[class:edu.ucsb.cs156.example.controllers.UCSBOrganizationControllerTests]/[method:admin_can_edit_an_existing_ucsborganization()]
UCSBOrganizationController.java,edu.ucsb.cs156.example.controllers.UCSBOrganizationController,org.pitest.mutationtest.engine.gregor.mutators.returns.NullReturnValsMutator,updateOrganization,131,KILLED,edu.ucsb.cs156.example.controllers.UCSBOrganizationControllerTests.[engine:junit-jupiter]/[class:edu.ucsb.cs156.example.controllers.UCSBOrganizationControllerTests]/[method:admin_can_edit_an_existing_ucsborganization()]
UserInfoController.java,edu.ucsb.cs156.example.controllers.UserInfoController,org.pitest.mutationtest.engine.gregor.mutators.returns.NullReturnValsMutator,getCurrentUser,31,KILLED,edu.ucsb.cs156.example.controllers.UserInfoControllerTests.[engine:junit-jupiter]/[class:edu.ucsb.cs156.example.controllers.UserInfoControllerTests]/[method:currentUser__logged_in()]
UsersController.java,edu.ucsb.cs156.example.controllers.UsersController,org.pitest.mutationtest.engine.gregor.mutators.returns.NullReturnValsMutator,users,46,KILLED,edu.ucsb.cs156.example.controllers.UsersControllerTests.[engine:junit-jupiter]/[class:edu.ucsb.cs156.example.controllers.UsersControllerTests]/[method:users__admin_logged_in()]
TestJob.java,edu.ucsb.cs156.example.jobs.TestJob,org.pitest.mutationtest.engine.gregor.mutators.NegateConditionalsMutator,accept,22,TIMED_OUT,none
TestJob.java,edu.ucsb.cs156.example.jobs.TestJob,org.pitest.mutationtest.engine.gregor.mutators.VoidMethodCallMutator,accept,20,KILLED,edu.ucsb.cs156.example.controllers.JobsControllerTests.[engine:junit-jupiter]/[class:edu.ucsb.cs156.example.controllers.JobsControllerTests]/[method:admin_can_launch_test_job()]
TestJob.java,edu.ucsb.cs156.example.jobs.TestJob,org.pitest.mutationtest.engine.gregor.mutators.VoidMethodCallMutator,accept,21,KILLED,edu.ucsb.cs156.example.controllers.JobsControllerTests.[engine:junit-jupiter]/[class:edu.ucsb.cs156.example.controllers.JobsControllerTests]/[method:admin_can_launch_test_job()]
TestJob.java,edu.ucsb.cs156.example.jobs.TestJob,org.pitest.mutationtest.engine.gregor.mutators.VoidMethodCallMutator,accept,25,TIMED_OUT,none
CurrentUserService.java,edu.ucsb.cs156.example.services.CurrentUserService,org.pitest.mutationtest.engine.gregor.mutators.NegateConditionalsMutator,isLoggedIn,42,KILLED,edu.ucsb.cs156.example.services.CurrentUserServiceTests.[engine:junit-jupiter]/[class:edu.ucsb.cs156.example.services.CurrentUserServiceTests]/[method:test_isLoggedIn_returns_true()]
CurrentUserService.java,edu.ucsb.cs156.example.services.CurrentUserService,org.pitest.mutationtest.engine.gregor.mutators.returns.BooleanTrueReturnValsMutator,isLoggedIn,42,KILLED,edu.ucsb.cs156.example.services.CurrentUserServiceTests.[engine:junit-jupiter]/[class:edu.ucsb.cs156.example.services.CurrentUserServiceTests]/[method:test_isLoggedIn_returns_false()]
SystemInfoServiceImpl.java,edu.ucsb.cs156.example.services.SystemInfoServiceImpl,org.pitest.mutationtest.engine.gregor.mutators.returns.NullReturnValsMutator,getSystemInfo,61,KILLED,edu.ucsb.cs156.example.services.SystemInfoServiceImplTests.[engine:junit-jupiter]/[class:edu.ucsb.cs156.example.services.SystemInfoServiceImplTests]/[method:test_getSystemInfo()]
SystemInfoServiceImpl.java,edu.ucsb.cs156.example.services.SystemInfoServiceImpl,org.pitest.mutationtest.engine.gregor.mutators.NegateConditionalsMutator,githubUrl,41,KILLED,edu.ucsb.cs156.example.services.SystemInfoServiceImplTests.[engine:junit-jupiter]/[class:edu.ucsb.cs156.example.services.SystemInfoServiceImplTests]/[method:test_githubUrl()]
SystemInfoServiceImpl.java,edu.ucsb.cs156.example.services.SystemInfoServiceImpl,org.pitest.mutationtest.engine.gregor.mutators.NegateConditionalsMutator,githubUrl,41,KILLED,edu.ucsb.cs156.example.services.SystemInfoServiceImplTests.[engine:junit-jupiter]/[class:edu.ucsb.cs156.example.services.SystemInfoServiceImplTests]/[method:test_githubUrl()]
SystemInfoServiceImpl.java,edu.ucsb.cs156.example.services.SystemInfoServiceImpl,org.pitest.mutationtest.engine.gregor.mutators.returns.EmptyObjectReturnValsMutator,githubUrl,41,KILLED,edu.ucsb.cs156.example.services.SystemInfoServiceImplTests.[engine:junit-jupiter]/[class:edu.ucsb.cs156.example.services.SystemInfoServiceImplTests]/[method:test_githubUrl()]
JobContext.java,edu.ucsb.cs156.example.services.jobs.JobContext,org.pitest.mutationtest.engine.gregor.mutators.NegateConditionalsMutator,log,16,KILLED,edu.ucsb.cs156.example.services.jobs.JobContextTests.[engine:junit-jupiter]/[class:edu.ucsb.cs156.example.services.jobs.JobContextTests]/[method:when_jobs_repository_is_null_does_not_save()]
JobContext.java,edu.ucsb.cs156.example.services.jobs.JobContext,org.pitest.mutationtest.engine.gregor.mutators.NegateConditionalsMutator,log,18,KILLED,edu.ucsb.cs156.example.services.jobs.JobContextTests.[engine:junit-jupiter]/[class:edu.ucsb.cs156.example.services.jobs.JobContextTests]/[method:when_jobs_repository_is_null_does_not_save()]
JobContext.java,edu.ucsb.cs156.example.services.jobs.JobContext,org.pitest.mutationtest.engine.gregor.mutators.VoidMethodCallMutator,log,17,KILLED,edu.ucsb.cs156.example.services.jobs.JobContextTests.[engine:junit-jupiter]/[class:edu.ucsb.cs156.example.services.jobs.JobContextTests]/[method:when_jobs_repository_is_null_does_not_save()]
JobService.java,edu.ucsb.cs156.example.services.jobs.JobService,org.pitest.mutationtest.engine.gregor.mutators.NegateConditionalsMutator,getJobLogs,51,KILLED,edu.ucsb.cs156.example.services.JobLogsServiceTests.[engine:junit-jupiter]/[class:edu.ucsb.cs156.example.services.JobLogsServiceTests]/[method:test_getJobLogs_with_null_log()]
JobService.java,edu.ucsb.cs156.example.services.jobs.JobService,org.pitest.mutationtest.engine.gregor.mutators.returns.NullReturnValsMutator,lambda$getJobLogs$0,48,KILLED,edu.ucsb.cs156.example.services.JobLogsServiceTests.[engine:junit-jupiter]/[class:edu.ucsb.cs156.example.services.JobLogsServiceTests]/[method:test_getJobLogs_job_not_found()]
JobService.java,edu.ucsb.cs156.example.services.jobs.JobService,org.pitest.mutationtest.engine.gregor.mutators.VoidMethodCallMutator,runAsJob,23,KILLED,edu.ucsb.cs156.example.controllers.JobsControllerTests.[engine:junit-jupiter]/[class:edu.ucsb.cs156.example.controllers.JobsControllerTests]/[method:admin_can_launch_test_job()]
JobService.java,edu.ucsb.cs156.example.services.jobs.JobService,org.pitest.mutationtest.engine.gregor.mutators.returns.NullReturnValsMutator,runAsJob,25,KILLED,edu.ucsb.cs156.example.controllers.JobsControllerTests.[engine:junit-jupiter]/[class:edu.ucsb.cs156.example.controllers.JobsControllerTests]/[method:admin_can_launch_test_job()]
JobService.java,edu.ucsb.cs156.example.services.jobs.JobService,org.pitest.mutationtest.engine.gregor.mutators.VoidMethodCallMutator,runJobAsync,33,KILLED,edu.ucsb.cs156.example.controllers.JobsControllerTests.[engine:junit-jupiter]/[class:edu.ucsb.cs156.example.controllers.JobsControllerTests]/[method:admin_can_launch_test_job()]
JobService.java,edu.ucsb.cs156.example.services.jobs.JobService,org.pitest.mutationtest.engine.gregor.mutators.VoidMethodCallMutator,runJobAsync,35,TIMED_OUT,none
JobService.java,edu.ucsb.cs156.example.services.jobs.JobService,org.pitest.mutationtest.engine.gregor.mutators.VoidMethodCallMutator,runJobAsync,40,TIMED_OUT,none
